timestamp,vL1_Alarm,vL1_Current,vL1_Energy,vL1_Frequency,vL1_Power,vL1_PowerFactor,vL1_Voltage,Wh_diff,(Wh/W)_min,raw_cum_min,cum_(Wh/W)_min
11/03/2024 22:53,0,0,2,49900,0,0,223000,0,0,0,0
11/03/2024 22:55,0,0,2,50000,0,0,223000,0,0,0,0
11/03/2024 22:56,0,0,2,49900,0,0,223000,0,0,0,0
11/03/2024 22:58,0,0,2,50000,0,0,223100,0,0,0,0
11/03/2024 23:01,0,0,2,49900,0,0,223100,0,0,0,0
11/03/2024 23:02,0,0,2,49900,0,0,223100,0,0,0,0
11/03/2024 23:04,0,0,2,49900,0,0,223200,0,0,0,0
11/03/2024 23:05,0,0,2,49900,0,0,223200,0,0,0,0
13/03/2024 15:44,0,0,2,49900,0,0,223300,0,0,0,0
13/03/2024 15:46,0,0,2,49900,0,0,223300,0,0,0,0
13/03/2024 15:48,0,0,2,49900,0,0,223300,0,0,0,0
13/03/2024 15:50,0,0,2,50000,0,0,223400,0,0,0,0
13/03/2024 15:51,0,0,2,49900,0,0,223400,0,0,0,0
13/03/2024 15:53,0,0,2,50000,0,0,223400,0,0,0,0
13/03/2024 15:54,0,0,2,49900,0,0,223400,0,0,0,0
13/03/2024 15:57,0,0,2,50000,0,0,223400,0,0,0,0
13/03/2024 15:59,0,0,2,50000,0,0,223400,0,0,0,0
13/03/2024 16:00,0,0,2,49900,0,0,223400,0,0,0,0
13/03/2024 16:02,0,0,2,49900,0,0,223400,0,0,0,0
13/03/2024 16:03,0,0,2,49900,0,0,223400,0,0,0,0
13/03/2024 16:05,0,0,2,49900,0,0,223400,0,0,0,0
13/03/2024 16:06,0,0,2,49900,0,0,223400,0,0,0,0
13/03/2024 16:08,0,0,2,49900,0,0,223400,0,0,0,0
13/03/2024 16:09,0,0,2,50000,0,0,223400,0,0,0,0
13/03/2024 16:11,0,0,2,49900,0,0,223400,0,0,0,0
13/03/2024 16:12,0,0,2,49900,0,0,223400,0,0,0,0
13/03/2024 16:14,0,0,2,49900,0,0,223300,0,0,0,0
13/03/2024 16:15,0,0,2,49900,0,0,223400,0,0,0,0
13/03/2024 16:17,0,0,2,50000,0,0,223400,0,0,0,0
13/03/2024 16:21,0,0,2,49900,0,0,223400,0,0,0,0
13/03/2024 16:25,0,0,2,49900,0,0,223400,0,0,0,0
13/03/2024 16:26,0,0,2,49900,0,0,223400,0,0,0,0
13/03/2024 16:28,0,0,2,49900,0,0,223400,0,0,0,0
13/03/2024 16:29,0,0,2,49900,0,0,223500,0,0,0,0
13/03/2024 16:31,0,0,2,49900,0,0,223400,0,0,0,0
13/03/2024 16:32,0,0,2,49900,0,0,223400,0,0,0,0
13/03/2024 16:34,0,0,2,49900,0,0,223400,0,0,0,0
13/03/2024 16:35,0,0,2,49900,0,0,223400,0,0,0,0
13/03/2024 16:37,0,0,2,49900,0,0,223400,0,0,0,0
13/03/2024 16:38,0,0,2,49900,0,0,223400,0,0,0,0
13/03/2024 16:40,0,0,2,49900,0,0,223400,0,0,0,0
13/03/2024 16:41,0,0,2,49900,0,0,223400,0,0,0,0
13/03/2024 16:43,0,0,2,49900,0,0,223400,0,0,0,0
13/03/2024 16:44,0,0,2,50000,0,0,223400,0,0,0,0
13/03/2024 16:46,0,0,2,49900,0,0,223300,0,0,0,0
13/03/2024 16:47,0,0,2,49900,0,0,223400,0,0,0,0
13/03/2024 16:49,0,0,2,49900,0,0,223400,0,0,0,0
13/03/2024 16:50,0,0,2,49900,0,0,223400,0,0,0,0
13/03/2024 16:52,0,0,2,50000,0,0,223400,0,0,0,0
13/03/2024 16:53,0,0,2,49900,0,0,223300,0,0,0,0
13/03/2024 16:55,0,0,2,49900,0,0,223400,0,0,0,0
13/03/2024 16:56,0,0,2,50000,0,0,223400,0,0,0,0
13/03/2024 16:58,0,0,2,49900,0,0,223400,0,0,0,0
13/03/2024 16:59,0,0,2,49900,0,0,223300,0,0,0,0
13/03/2024 17:01,0,0,2,49900,0,0,223400,0,0,0,0
13/03/2024 17:02,0,0,2,49900,0,0,223400,0,0,0,0
13/03/2024 17:04,0,0,2,50000,0,0,223400,0,0,0,0
13/03/2024 17:05,0,0,2,49900,0,0,223400,0,0,0,0
13/03/2024 17:07,0,0,2,49900,0,0,223300,0,0,0,0
13/03/2024 17:08,0,0,2,49900,0,0,223400,0,0,0,0
13/03/2024 17:10,0,0,2,49900,0,0,223400,0,0,0,0
13/03/2024 17:11,0,0,2,49900,0,0,223400,0,0,0,0
13/03/2024 17:13,0,0,2,49900,0,0,223300,0,0,0,0
13/03/2024 17:14,0,0,2,49900,0,0,223400,0,0,0,0
13/03/2024 17:16,0,0,2,49900,0,0,223400,0,0,0,0
13/03/2024 17:17,0,0,2,49900,0,0,223400,0,0,0,0
13/03/2024 17:19,0,0,2,49900,0,0,223400,0,0,0,0
13/03/2024 17:20,0,0,2,50000,0,0,223300,0,0,0,0
13/03/2024 17:22,0,0,2,49900,0,0,223400,0,0,0,0
13/03/2024 17:23,0,0,2,49900,0,0,223400,0,0,0,0
13/03/2024 17:25,0,0,2,49900,0,0,223400,0,0,0,0
13/03/2024 17:26,0,0,2,50000,0,0,223300,0,0,0,0
13/03/2024 17:28,0,0,2,49900,0,0,223300,0,0,0,0
13/03/2024 17:29,0,0,2,49900,0,0,223400,0,0,0,0
13/03/2024 17:31,0,0,2,49900,0,0,223400,0,0,0,0
13/03/2024 17:32,0,0,2,49900,0,0,223400,0,0,0,0
13/03/2024 17:34,0,0,2,50000,0,0,223400,0,0,0,0
13/03/2024 17:35,0,0,2,49900,0,0,223400,0,0,0,0
13/03/2024 17:37,0,0,2,49900,0,0,223400,0,0,0,0
13/03/2024 17:38,0,0,2,49900,0,0,223400,0,0,0,0
13/03/2024 17:40,0,0,2,50000,0,0,223300,0,0,0,0
13/03/2024 17:41,0,0,2,49900,0,0,223400,0,0,0,0
13/03/2024 17:43,0,0,2,49900,0,0,223400,0,0,0,0
13/03/2024 17:44,0,0,2,49900,0,0,223400,0,0,0,0
13/03/2024 17:46,0,0,2,50000,0,0,223400,0,0,0,0
13/03/2024 17:47,0,0,2,50000,0,0,223400,0,0,0,0
13/03/2024 17:49,0,0,2,49900,0,0,223400,0,0,0,0
13/03/2024 17:50,0,0,2,49900,0,0,223300,0,0,0,0
13/03/2024 17:52,0,0,2,49900,0,0,223400,0,0,0,0
13/03/2024 17:53,0,0,2,49900,0,0,223300,0,0,0,0
13/03/2024 17:55,0,0,2,49900,0,0,223400,0,0,0,0
13/03/2024 17:56,0,0,2,49900,0,0,223400,0,0,0,0
13/03/2024 17:58,0,0,2,49900,0,0,223400,0,0,0,0
13/03/2024 17:59,0,0,2,50000,0,0,223400,0,0,0,0
13/03/2024 18:01,0,0,2,50000,0,0,223300,0,0,0,0
13/03/2024 18:02,0,0,2,49900,0,0,223300,0,0,0,0
13/03/2024 18:04,0,0,2,50000,0,0,223300,0,0,0,0
13/03/2024 18:05,0,0,2,49900,0,0,223400,0,0,0,0
13/03/2024 18:07,0,0,2,49900,0,0,223300,0,0,0,0
13/03/2024 18:08,0,0,2,49900,0,0,223300,0,0,0,0
13/03/2024 18:10,0,0,2,49900,0,0,223400,0,0,0,0
13/03/2024 18:11,0,0,2,49900,0,0,223400,0,0,0,0
13/03/2024 18:13,0,0,2,49900,0,0,223400,0,0,0,0
13/03/2024 18:14,0,0,2,49900,0,0,223300,0,0,0,0
13/03/2024 18:16,0,0,2,49900,0,0,223300,0,0,0,0
13/03/2024 18:17,0,0,2,49900,0,0,223400,0,0,0,0
13/03/2024 18:19,0,0,2,50000,0,0,223400,0,0,0,0
13/03/2024 18:20,0,0,2,49900,0,0,223300,0,0,0,0
13/03/2024 18:22,0,0,2,49900,0,0,223300,0,0,0,0
13/03/2024 18:23,0,0,2,50000,0,0,223300,0,0,0,0
13/03/2024 18:25,0,0,2,49900,0,0,223300,0,0,0,0
13/03/2024 18:26,0,0,2,49900,0,0,223300,0,0,0,0
13/03/2024 18:28,0,0,2,49900,0,0,223300,0,0,0,0
13/03/2024 18:29,0,0,2,50000,0,0,223300,0,0,0,0
13/03/2024 18:31,0,0,2,49900,0,0,223300,0,0,0,0
13/03/2024 18:32,0,0,2,50000,0,0,223400,0,0,0,0
13/03/2024 18:34,0,0,2,49900,0,0,223300,0,0,0,0
13/03/2024 18:35,0,0,2,50000,0,0,223300,0,0,0,0
13/03/2024 18:37,0,0,2,49900,0,0,223400,0,0,0,0
13/03/2024 18:38,0,0,2,49900,0,0,223300,0,0,0,0
13/03/2024 18:40,0,0,2,49900,0,0,223300,0,0,0,0
13/03/2024 18:41,0,0,2,49900,0,0,223300,0,0,0,0
13/03/2024 18:43,0,0,2,49900,0,0,223300,0,0,0,0
13/03/2024 18:44,0,0,2,50000,0,0,223300,0,0,0,0
13/03/2024 18:46,0,0,2,49900,0,0,223400,0,0,0,0
13/03/2024 18:47,0,0,2,50000,0,0,223300,0,0,0,0
13/03/2024 18:49,0,0,2,49900,0,0,223300,0,0,0,0
13/03/2024 18:50,0,0,2,49900,0,0,223400,0,0,0,0
13/03/2024 18:52,0,0,2,49900,0,0,223400,0,0,0,0
13/03/2024 18:53,0,0,2,50000,0,0,223400,0,0,0,0
13/03/2024 18:55,0,0,2,49900,0,0,223300,0,0,0,0
13/03/2024 18:56,0,0,2,49900,0,0,223300,0,0,0,0
13/03/2024 18:58,0,0,2,50000,0,0,223300,0,0,0,0
13/03/2024 18:59,0,0,2,49900,0,0,223400,0,0,0,0
13/03/2024 19:01,0,0,2,49900,0,0,223300,0,0,0,0
13/03/2024 19:02,0,0,2,49900,0,0,223300,0,0,0,0
13/03/2024 19:04,0,0,2,50000,0,0,223300,0,0,0,0
13/03/2024 19:05,0,0,2,49900,0,0,223400,0,0,0,0
13/03/2024 19:07,0,0,2,49900,0,0,223400,0,0,0,0
13/03/2024 19:08,0,0,2,49900,0,0,223300,0,0,0,0
13/03/2024 19:10,0,0,2,50000,0,0,223300,0,0,0,0
13/03/2024 19:11,0,0,2,49900,0,0,223300,0,0,0,0
13/03/2024 19:13,0,0,2,49900,0,0,223400,0,0,0,0
13/03/2024 19:14,0,0,2,49900,0,0,223300,0,0,0,0
13/03/2024 19:16,0,0,2,49900,0,0,223300,0,0,0,0
13/03/2024 19:17,0,0,2,49900,0,0,223300,0,0,0,0
13/03/2024 19:19,0,0,2,50000,0,0,223400,0,0,0,0
13/03/2024 19:20,0,0,2,49900,0,0,223400,0,0,0,0
13/03/2024 19:22,0,0,2,49900,0,0,223300,0,0,0,0
13/03/2024 19:23,0,0,2,49900,0,0,223300,0,0,0,0
13/03/2024 19:25,0,0,2,49900,0,0,223300,0,0,0,0
13/03/2024 19:26,0,0,2,49900,0,0,223300,0,0,0,0
13/03/2024 19:28,0,0,2,49900,0,0,223300,0,0,0,0
13/03/2024 19:29,0,0,2,49900,0,0,223300,0,0,0,0
13/03/2024 19:31,0,0,2,49900,0,0,223300,0,0,0,0
13/03/2024 19:32,0,0,2,49900,0,0,223400,0,0,0,0
13/03/2024 19:34,0,0,2,49900,0,0,223300,0,0,0,0
13/03/2024 19:35,0,0,2,49900,0,0,223300,0,0,0,0
13/03/2024 19:37,0,0,2,49900,0,0,223400,0,0,0,0
13/03/2024 19:38,0,0,2,49900,0,0,223300,0,0,0,0
13/03/2024 19:40,0,0,2,50000,0,0,223300,0,0,0,0
13/03/2024 19:41,0,0,2,49900,0,0,223300,0,0,0,0
13/03/2024 19:43,0,0,2,49900,0,0,223300,0,0,0,0
13/03/2024 19:44,0,0,2,49900,0,0,223400,0,0,0,0
13/03/2024 19:46,0,0,2,49900,0,0,223400,0,0,0,0
13/03/2024 19:47,0,0,2,49900,0,0,223400,0,0,0,0
13/03/2024 19:49,0,0,2,49900,0,0,223300,0,0,0,0
13/03/2024 19:50,0,0,2,49900,0,0,223300,0,0,0,0
13/03/2024 19:52,0,0,2,49900,0,0,223300,0,0,0,0
13/03/2024 19:53,0,0,2,49900,0,0,223300,0,0,0,0
13/03/2024 19:55,0,0,2,49900,0,0,223300,0,0,0,0
13/03/2024 19:56,0,0,2,49900,0,0,223300,0,0,0,0
13/03/2024 19:58,0,0,2,49900,0,0,223300,0,0,0,0
13/03/2024 19:59,0,0,2,49900,0,0,223400,0,0,0,0
13/03/2024 20:01,0,0,2,49900,0,0,223400,0,0,0,0
13/03/2024 20:02,0,0,2,49900,0,0,223300,0,0,0,0
13/03/2024 20:04,0,0,2,50000,0,0,223300,0,0,0,0
13/03/2024 20:05,0,0,2,49900,0,0,223400,0,0,0,0
13/03/2024 20:07,0,0,2,49900,0,0,223400,0,0,0,0
13/03/2024 20:08,0,0,2,49900,0,0,223400,0,0,0,0
13/03/2024 20:10,0,0,2,49900,0,0,223300,0,0,0,0
13/03/2024 20:11,0,0,2,49900,0,0,223300,0,0,0,0
13/03/2024 20:13,0,0,2,50000,0,0,223400,0,0,0,0
13/03/2024 20:14,0,0,2,49900,0,0,223400,0,0,0,0
13/03/2024 20:16,0,0,2,49900,0,0,223300,0,0,0,0
13/03/2024 20:17,0,0,2,49900,0,0,223300,0,0,0,0
13/03/2024 20:19,0,0,2,50000,0,0,223300,0,0,0,0
13/03/2024 20:20,0,0,2,49900,0,0,223400,0,0,0,0
13/03/2024 20:22,0,0,2,49900,0,0,223400,0,0,0,0
13/03/2024 20:23,0,0,2,50000,0,0,223200,0,0,0,0
13/03/2024 20:25,0,0,2,49900,0,0,223300,0,0,0,0
13/03/2024 20:26,0,0,2,50000,0,0,223300,0,0,0,0
13/03/2024 20:28,0,0,2,49900,0,0,223400,0,0,0,0
13/03/2024 20:29,0,0,2,49900,0,0,223400,0,0,0,0
13/03/2024 20:31,0,0,2,49900,0,0,223300,0,0,0,0
13/03/2024 20:32,0,0,2,50000,0,0,223400,0,0,0,0
13/03/2024 20:34,0,0,2,49900,0,0,223400,0,0,0,0
13/03/2024 20:35,0,0,2,49900,0,0,223400,0,0,0,0
13/03/2024 20:37,0,0,2,50000,0,0,223300,0,0,0,0
13/03/2024 20:38,0,0,2,50000,0,0,223300,0,0,0,0
13/03/2024 20:40,0,0,2,49900,0,0,223300,0,0,0,0
13/03/2024 20:41,0,0,2,50000,0,0,223300,0,0,0,0
13/03/2024 20:43,0,0,2,49900,0,0,223400,0,0,0,0
13/03/2024 20:44,0,0,2,49900,0,0,223300,0,0,0,0
13/03/2024 20:46,0,0,2,49900,0,0,223300,0,0,0,0
13/03/2024 20:47,0,0,2,50000,0,0,223300,0,0,0,0
13/03/2024 20:49,0,0,2,49900,0,0,223400,0,0,0,0
13/03/2024 20:50,0,0,2,49900,0,0,223300,0,0,0,0
13/03/2024 20:52,0,0,2,49900,0,0,223300,0,0,0,0
13/03/2024 20:53,0,0,2,49900,0,0,223300,0,0,0,0
13/03/2024 20:55,0,0,2,50000,0,0,223300,0,0,0,0
13/03/2024 20:56,0,0,2,49900,0,0,223400,0,0,0,0
13/03/2024 20:58,0,0,2,49900,0,0,223300,0,0,0,0
13/03/2024 20:59,0,0,2,49900,0,0,223300,0,0,0,0
13/03/2024 21:01,0,0,2,49900,0,0,223300,0,0,0,0
13/03/2024 21:02,0,0,2,49900,0,0,223300,0,0,0,0
13/03/2024 21:04,0,0,2,49900,0,0,223400,0,0,0,0
13/03/2024 21:05,0,0,2,49900,0,0,223300,0,0,0,0
13/03/2024 21:07,0,0,2,49900,0,0,223300,0,0,0,0
13/03/2024 21:08,0,0,2,49900,0,0,223300,0,0,0,0
13/03/2024 21:10,0,0,2,49900,0,0,223300,0,0,0,0
13/03/2024 21:11,0,0,2,49900,0,0,223400,0,0,0,0
13/03/2024 21:13,0,0,2,49900,0,0,223300,0,0,0,0
13/03/2024 21:14,0,0,2,49900,0,0,223300,0,0,0,0
13/03/2024 21:16,0,0,2,49900,0,0,223400,0,0,0,0
13/03/2024 21:17,0,0,2,49900,0,0,223400,0,0,0,0
13/03/2024 21:19,0,0,2,49900,0,0,223400,0,0,0,0
13/03/2024 21:20,0,0,2,49900,0,0,223200,0,0,0,0
13/03/2024 21:22,0,0,2,49900,0,0,223300,0,0,0,0
13/03/2024 21:23,0,0,2,49900,0,0,223300,0,0,0,0
13/03/2024 21:25,0,0,2,49900,0,0,223300,0,0,0,0
13/03/2024 21:26,0,0,2,49900,0,0,223400,0,0,0,0
13/03/2024 21:28,0,0,2,49900,0,0,223300,0,0,0,0
13/03/2024 21:29,0,0,2,49900,0,0,223300,0,0,0,0
13/03/2024 21:31,0,0,2,49900,0,0,223400,0,0,0,0
13/03/2024 21:32,0,0,2,49900,0,0,223300,0,0,0,0
13/03/2024 21:34,0,0,2,49900,0,0,223400,0,0,0,0
13/03/2024 21:35,0,0,2,49900,0,0,223300,0,0,0,0
13/03/2024 21:37,0,0,2,49900,0,0,223300,0,0,0,0
13/03/2024 21:38,0,0,2,49900,0,0,223400,0,0,0,0
13/03/2024 21:40,0,0,2,49900,0,0,223300,0,0,0,0
13/03/2024 21:41,0,0,2,49900,0,0,223400,0,0,0,0
13/03/2024 21:43,0,0,2,49900,0,0,223300,0,0,0,0
13/03/2024 21:44,0,0,2,49900,0,0,223400,0,0,0,0
13/03/2024 21:46,0,0,2,49900,0,0,223400,0,0,0,0
13/03/2024 21:47,0,0,2,49900,0,0,223400,0,0,0,0
13/03/2024 21:49,0,0,2,49900,0,0,223400,0,0,0,0
13/03/2024 21:50,0,0,2,49900,0,0,223300,0,0,0,0
13/03/2024 21:52,0,0,2,49900,0,0,223400,0,0,0,0
13/03/2024 21:53,0,0,2,49900,0,0,223400,0,0,0,0
13/03/2024 21:55,0,0,2,50000,0,0,223400,0,0,0,0
13/03/2024 21:56,0,0,2,50000,0,0,223300,0,0,0,0
13/03/2024 21:58,0,0,2,49900,0,0,223400,0,0,0,0
13/03/2024 21:59,0,0,2,49900,0,0,223400,0,0,0,0
13/03/2024 22:01,0,0,2,49900,0,0,223400,0,0,0,0
13/03/2024 22:02,0,0,2,50000,0,0,223300,0,0,0,0
13/03/2024 22:04,0,0,2,50000,0,0,223300,0,0,0,0
13/03/2024 22:05,0,0,2,50000,0,0,223300,0,0,0,0
13/03/2024 22:07,0,0,2,49900,0,0,223300,0,0,0,0
13/03/2024 22:08,0,0,2,49900,0,0,223400,0,0,0,0
13/03/2024 22:10,0,0,2,49900,0,0,223400,0,0,0,0
13/03/2024 22:11,0,0,2,49900,0,0,223300,0,0,0,0
13/03/2024 22:13,0,0,2,49900,0,0,223300,0,0,0,0
13/03/2024 22:14,0,0,2,49900,0,0,223400,0,0,0,0
13/03/2024 22:16,0,0,2,49900,0,0,223400,0,0,0,0
13/03/2024 22:17,0,0,2,49900,0,0,223400,0,0,0,0
13/03/2024 22:19,0,0,2,50000,0,0,223300,0,0,0,0
13/03/2024 22:20,0,0,2,49900,0,0,223300,0,0,0,0
13/03/2024 22:22,0,0,2,49900,0,0,223400,0,0,0,0
13/03/2024 22:23,0,0,2,49900,0,0,223400,0,0,0,0
13/03/2024 22:25,0,0,2,49900,0,0,223400,0,0,0,0
13/03/2024 22:26,0,0,2,49900,0,0,223300,0,0,0,0
13/03/2024 22:28,0,0,2,49900,0,0,223300,0,0,0,0
13/03/2024 22:29,0,0,2,50000,0,0,223400,0,0,0,0
13/03/2024 22:31,0,0,2,49900,0,0,223400,0,0,0,0
13/03/2024 22:32,0,0,2,49900,0,0,223400,0,0,0,0
13/03/2024 22:34,0,0,2,49900,0,0,223300,0,0,0,0
13/03/2024 22:35,0,0,2,49900,0,0,223300,0,0,0,0
13/03/2024 22:37,0,0,2,49900,0,0,223300,0,0,0,0
13/03/2024 22:38,0,0,2,49900,0,0,223400,0,0,0,0
13/03/2024 22:40,0,0,2,49900,0,0,223400,0,0,0,0
13/03/2024 22:41,0,0,2,49900,0,0,223400,0,0,0,0
13/03/2024 22:43,0,0,2,50000,0,0,223300,0,0,0,0
13/03/2024 22:44,0,0,2,49900,0,0,223400,0,0,0,0
13/03/2024 22:46,0,0,2,50000,0,0,223400,0,0,0,0
13/03/2024 22:47,0,0,2,49900,0,0,223400,0,0,0,0
13/03/2024 22:49,0,0,2,49900,0,0,223400,0,0,0,0
13/03/2024 22:50,0,0,2,49900,0,0,223300,0,0,0,0
13/03/2024 22:52,0,0,2,49900,0,0,223400,0,0,0,0
13/03/2024 22:53,0,0,2,49900,0,0,223400,0,0,0,0
13/03/2024 22:55,0,0,2,50000,0,0,223300,0,0,0,0
13/03/2024 22:56,0,0,2,49900,0,0,223400,0,0,0,0
13/03/2024 22:58,0,0,2,49900,0,0,223300,0,0,0,0
13/03/2024 22:59,0,0,2,49900,0,0,223400,0,0,0,0
13/03/2024 23:01,0,0,2,49900,0,0,223400,0,0,0,0
13/03/2024 23:02,0,0,2,50000,0,0,223400,0,0,0,0
13/03/2024 23:04,0,0,2,50000,0,0,223400,0,0,0,0
13/03/2024 23:05,0,0,2,49900,0,0,223300,0,0,0,0
13/03/2024 23:07,0,0,2,49900,0,0,223400,0,0,0,0
13/03/2024 23:08,0,0,2,49900,0,0,223400,0,0,0,0
13/03/2024 23:10,0,0,2,49900,0,0,223400,0,0,0,0
13/03/2024 23:11,0,0,2,49900,0,0,223400,0,0,0,0
13/03/2024 23:13,0,0,2,49900,0,0,223300,0,0,0,0
13/03/2024 23:14,0,0,2,49900,0,0,223300,0,0,0,0
13/03/2024 23:16,0,0,2,49900,0,0,223400,0,0,0,0
13/03/2024 23:17,0,0,2,49900,0,0,223400,0,0,0,0
13/03/2024 23:19,0,0,2,49900,0,0,223400,0,0,0,0
13/03/2024 23:20,0,0,2,49900,0,0,223300,0,0,0,0
13/03/2024 23:22,0,0,2,49900,0,0,223300,0,0,0,0
13/03/2024 23:23,0,0,2,49900,0,0,223400,0,0,0,0
13/03/2024 23:25,0,0,2,49900,0,0,223400,0,0,0,0
13/03/2024 23:26,0,0,2,50000,0,0,223400,0,0,0,0
13/03/2024 23:28,0,0,2,49900,0,0,223400,0,0,0,0
13/03/2024 23:29,0,0,2,49900,0,0,223300,0,0,0,0
13/03/2024 23:31,0,0,2,49900,0,0,223400,0,0,0,0
13/03/2024 23:32,0,0,2,49900,0,0,223400,0,0,0,0
13/03/2024 23:34,0,0,2,50000,0,0,223400,0,0,0,0
13/03/2024 23:35,0,0,2,50000,0,0,223400,0,0,0,0
13/03/2024 23:37,0,0,2,50000,0,0,223300,0,0,0,0
13/03/2024 23:38,0,0,2,49900,0,0,223300,0,0,0,0
13/03/2024 23:40,0,0,2,49900,0,0,223400,0,0,0,0
13/03/2024 23:41,0,0,2,49900,0,0,223400,0,0,0,0
13/03/2024 23:43,0,0,2,49900,0,0,223400,0,0,0,0
13/03/2024 23:44,0,0,2,49900,0,0,223400,0,0,0,0
13/03/2024 23:46,0,0,2,49900,0,0,223300,0,0,0,0
13/03/2024 23:47,0,0,2,49900,0,0,223300,0,0,0,0
13/03/2024 23:49,0,0,2,50000,0,0,223400,0,0,0,0
13/03/2024 23:50,0,0,2,49900,0,0,223400,0,0,0,0
13/03/2024 23:52,0,0,2,49900,0,0,223400,0,0,0,0
13/03/2024 23:53,0,0,2,49900,0,0,223200,0,0,0,0
13/03/2024 23:55,0,0,2,50000,0,0,223300,0,0,0,0
13/03/2024 23:56,0,0,2,49900,0,0,223400,0,0,0,0
13/03/2024 23:58,0,0,2,49900,0,0,223400,0,0,0,0
13/03/2024 23:59,0,0,2,50000,0,0,223400,0,0,0,0
14/03/2024 00:01,0,0,2,49900,0,0,223400,0,0,0,0
14/03/2024 00:02,0,0,2,49900,0,0,223300,0,0,0,0
14/03/2024 00:04,0,0,2,50000,0,0,223400,0,0,0,0
14/03/2024 00:05,0,0,2,49900,0,0,223400,0,0,0,0
14/03/2024 00:07,0,0,2,49900,0,0,223400,0,0,0,0
14/03/2024 00:08,0,0,2,49900,0,0,223400,0,0,0,0
14/03/2024 00:10,0,0,2,49900,0,0,223300,0,0,0,0
14/03/2024 00:11,0,0,2,49900,0,0,223300,0,0,0,0
14/03/2024 00:13,0,0,2,49900,0,0,223400,0,0,0,0
14/03/2024 00:14,0,0,2,49900,0,0,223400,0,0,0,0
14/03/2024 00:16,0,0,2,49900,0,0,223400,0,0,0,0
14/03/2024 00:17,0,0,2,49900,0,0,223400,0,0,0,0
14/03/2024 00:19,0,0,2,50000,0,0,223300,0,0,0,0
14/03/2024 00:20,0,0,2,49900,0,0,223300,0,0,0,0
14/03/2024 00:22,0,0,2,49900,0,0,223400,0,0,0,0
14/03/2024 00:23,0,0,2,49900,0,0,223400,0,0,0,0
14/03/2024 00:25,0,0,2,50000,0,0,223400,0,0,0,0
14/03/2024 00:26,0,0,2,49900,0,0,223200,0,0,0,0
14/03/2024 00:28,0,0,2,49900,0,0,223300,0,0,0,0
14/03/2024 00:29,0,0,2,50000,0,0,223400,0,0,0,0
14/03/2024 00:31,0,0,2,49900,0,0,223400,0,0,0,0
14/03/2024 00:32,0,0,2,49900,0,0,223400,0,0,0,0
14/03/2024 00:34,0,0,2,49900,0,0,223400,0,0,0,0
14/03/2024 00:35,0,0,2,50000,0,0,223300,0,0,0,0
14/03/2024 00:37,0,0,2,49900,0,0,223300,0,0,0,0
14/03/2024 00:38,0,0,2,50000,0,0,223400,0,0,0,0
14/03/2024 00:40,0,0,2,49900,0,0,223400,0,0,0,0
14/03/2024 00:41,0,0,2,50000,0,0,223400,0,0,0,0
14/03/2024 00:43,0,0,2,49900,0,0,223200,0,0,0,0
14/03/2024 00:44,0,0,2,49900,0,0,223300,0,0,0,0
14/03/2024 00:46,0,0,2,49900,0,0,223300,0,0,0,0
14/03/2024 00:47,0,0,2,49900,0,0,223400,0,0,0,0
14/03/2024 00:49,0,0,2,49900,0,0,223400,0,0,0,0
14/03/2024 00:50,0,0,2,49900,0,0,223300,0,0,0,0
14/03/2024 00:52,0,0,2,49900,0,0,223300,0,0,0,0
14/03/2024 00:53,0,0,2,49900,0,0,223400,0,0,0,0
14/03/2024 00:55,0,0,2,50000,0,0,223400,0,0,0,0
14/03/2024 00:56,0,0,2,50000,0,0,223400,0,0,0,0
14/03/2024 00:58,0,0,2,49900,0,0,223400,0,0,0,0
14/03/2024 00:59,0,0,2,49900,0,0,223300,0,0,0,0
14/03/2024 01:01,0,0,2,49900,0,0,223300,0,0,0,0
14/03/2024 01:02,0,0,2,49900,0,0,223300,0,0,0,0
14/03/2024 01:04,0,0,2,49900,0,0,223400,0,0,0,0
14/03/2024 01:05,0,0,2,49900,0,0,223400,0,0,0,0
14/03/2024 01:07,0,0,2,49900,0,0,223400,0,0,0,0
14/03/2024 01:08,0,0,2,50000,0,0,223200,0,0,0,0
14/03/2024 01:10,0,0,2,49900,0,0,223300,0,0,0,0
14/03/2024 01:11,0,0,2,50000,0,0,223400,0,0,0,0
14/03/2024 01:13,0,0,2,49900,0,0,223400,0,0,0,0
14/03/2024 01:14,0,0,2,49900,0,0,223400,0,0,0,0
14/03/2024 01:16,0,0,2,49900,0,0,223400,0,0,0,0
14/03/2024 01:17,0,0,2,49900,0,0,223300,0,0,0,0
14/03/2024 01:19,0,0,2,49900,0,0,223300,0,0,0,0
14/03/2024 01:20,0,0,2,49900,0,0,223300,0,0,0,0
14/03/2024 01:22,0,0,2,49900,0,0,223400,0,0,0,0
14/03/2024 01:23,0,0,2,49900,0,0,223400,0,0,0,0
14/03/2024 01:25,0,0,2,49900,0,0,223400,0,0,0,0
14/03/2024 01:26,0,0,2,49900,0,0,223300,0,0,0,0
14/03/2024 01:28,0,0,2,49900,0,0,223300,0,0,0,0
14/03/2024 01:29,0,0,2,49900,0,0,223300,0,0,0,0
14/03/2024 01:31,0,0,2,50000,0,0,223400,0,0,0,0
14/03/2024 01:32,0,0,2,49900,0,0,223400,0,0,0,0
14/03/2024 01:34,0,0,2,50000,0,0,223400,0,0,0,0
14/03/2024 01:35,0,0,2,49900,0,0,223300,0,0,0,0
14/03/2024 01:37,0,0,2,50000,0,0,223400,0,0,0,0
14/03/2024 01:38,0,0,2,49900,0,0,223300,0,0,0,0
14/03/2024 01:40,0,0,2,49900,0,0,223400,0,0,0,0
14/03/2024 01:41,0,0,2,49900,0,0,223400,0,0,0,0
14/03/2024 01:43,0,0,2,49900,0,0,223300,0,0,0,0
14/03/2024 01:44,0,0,2,49900,0,0,223300,0,0,0,0
14/03/2024 01:46,0,0,2,49900,0,0,223400,0,0,0,0
14/03/2024 01:47,0,0,2,49900,0,0,223300,0,0,0,0
14/03/2024 01:49,0,0,2,50000,0,0,223400,0,0,0,0
14/03/2024 01:50,0,0,2,49900,0,0,223400,0,0,0,0
14/03/2024 01:52,0,0,2,49900,0,0,223300,0,0,0,0
14/03/2024 01:53,0,0,2,49900,0,0,223300,0,0,0,0
14/03/2024 01:55,0,0,2,49900,0,0,223300,0,0,0,0
14/03/2024 01:56,0,0,2,49900,0,0,223400,0,0,0,0
14/03/2024 01:58,0,0,2,49900,0,0,223400,0,0,0,0
14/03/2024 01:59,0,0,2,49900,0,0,223400,0,0,0,0
14/03/2024 02:01,0,0,2,49900,0,0,223300,0,0,0,0
14/03/2024 02:02,0,0,2,49900,0,0,223300,0,0,0,0
14/03/2024 02:04,0,0,2,49900,0,0,223300,0,0,0,0
14/03/2024 02:05,0,0,2,49900,0,0,223300,0,0,0,0
14/03/2024 02:07,0,0,2,49900,0,0,223400,0,0,0,0
14/03/2024 02:08,0,0,2,50000,0,0,223400,0,0,0,0
14/03/2024 02:10,0,0,2,49900,0,0,223300,0,0,0,0
14/03/2024 02:11,0,0,2,49900,0,0,223300,0,0,0,0
14/03/2024 02:13,0,0,2,49900,0,0,223300,0,0,0,0
14/03/2024 02:14,0,0,2,49900,0,0,223400,0,0,0,0
14/03/2024 02:16,0,0,2,49900,0,0,223400,0,0,0,0
14/03/2024 02:17,0,0,2,49900,0,0,223400,0,0,0,0
14/03/2024 02:19,0,0,2,49900,0,0,223300,0,0,0,0
14/03/2024 02:20,0,0,2,50000,0,0,223300,0,0,0,0
14/03/2024 02:22,0,0,2,49900,0,0,223300,0,0,0,0
14/03/2024 02:23,0,0,2,49900,0,0,223400,0,0,0,0
14/03/2024 02:25,0,0,2,49900,0,0,223400,0,0,0,0
14/03/2024 02:26,0,0,2,49900,0,0,223400,0,0,0,0
14/03/2024 02:28,0,0,2,49900,0,0,223200,0,0,0,0
14/03/2024 02:29,0,0,2,50000,0,0,223300,0,0,0,0
14/03/2024 02:31,0,0,2,49900,0,0,223400,0,0,0,0
14/03/2024 02:32,0,0,2,49900,0,0,223400,0,0,0,0
14/03/2024 02:34,0,0,2,49900,0,0,223400,0,0,0,0
14/03/2024 02:35,0,0,2,49900,0,0,223400,0,0,0,0
14/03/2024 02:37,0,0,2,49900,0,0,223300,0,0,0,0
14/03/2024 02:38,0,0,2,49900,0,0,223300,0,0,0,0
14/03/2024 02:40,0,0,2,49900,0,0,223400,0,0,0,0
14/03/2024 02:41,0,0,2,50000,0,0,223400,0,0,0,0
14/03/2024 02:43,0,0,2,50000,0,0,223400,0,0,0,0
14/03/2024 02:44,0,0,2,49900,0,0,223400,0,0,0,0
14/03/2024 02:46,0,0,2,50000,0,0,223300,0,0,0,0
14/03/2024 02:47,0,0,2,49900,0,0,223300,0,0,0,0
14/03/2024 02:49,0,0,2,50000,0,0,223400,0,0,0,0
14/03/2024 02:50,0,0,2,50000,0,0,223300,0,0,0,0
14/03/2024 02:52,0,0,2,49900,0,0,223400,0,0,0,0
14/03/2024 02:53,0,0,2,49900,0,0,223400,0,0,0,0
14/03/2024 02:55,0,0,2,49900,0,0,223200,0,0,0,0
14/03/2024 02:56,0,0,2,50000,0,0,223300,0,0,0,0
14/03/2024 02:58,0,0,2,49900,0,0,223400,0,0,0,0
14/03/2024 02:59,0,0,2,49900,0,0,223400,0,0,0,0
14/03/2024 03:01,0,0,2,49900,0,0,223400,0,0,0,0
14/03/2024 03:02,0,0,2,49900,0,0,223400,0,0,0,0
14/03/2024 03:04,0,0,2,49900,0,0,223300,0,0,0,0
14/03/2024 03:05,0,0,2,49900,0,0,223300,0,0,0,0
14/03/2024 03:07,0,0,2,49900,0,0,223300,0,0,0,0
14/03/2024 03:08,0,0,2,49900,0,0,223400,0,0,0,0
14/03/2024 03:10,0,0,2,49900,0,0,223300,0,0,0,0
14/03/2024 03:11,0,0,2,49900,0,0,223400,0,0,0,0
14/03/2024 03:13,0,0,2,49900,0,0,223300,0,0,0,0
14/03/2024 03:14,0,0,2,49900,0,0,223300,0,0,0,0
14/03/2024 03:16,0,0,2,49900,0,0,223400,0,0,0,0
14/03/2024 03:17,0,0,2,50000,0,0,223400,0,0,0,0
14/03/2024 03:19,0,0,2,50000,0,0,223400,0,0,0,0
14/03/2024 03:20,0,0,2,49900,0,0,223400,0,0,0,0
14/03/2024 03:22,0,0,2,49900,0,0,223400,0,0,0,0
14/03/2024 03:23,0,0,2,49900,0,0,223300,0,0,0,0
14/03/2024 03:25,0,0,2,49900,0,0,223300,0,0,0,0
14/03/2024 03:26,0,0,2,49900,0,0,223300,0,0,0,0
14/03/2024 03:28,0,0,2,49900,0,0,223300,0,0,0,0
14/03/2024 03:29,0,0,2,49900,0,0,223400,0,0,0,0
14/03/2024 03:31,0,0,2,49900,0,0,223400,0,0,0,0
14/03/2024 03:32,0,0,2,49900,0,0,223200,0,0,0,0
14/03/2024 03:34,0,0,2,49900,0,0,223300,0,0,0,0
14/03/2024 03:35,0,0,2,49900,0,0,223400,0,0,0,0
14/03/2024 03:37,0,0,2,49900,0,0,223300,0,0,0,0
14/03/2024 03:38,0,0,2,49900,0,0,223400,0,0,0,0
14/03/2024 03:40,0,0,2,49900,0,0,223400,0,0,0,0
14/03/2024 03:41,0,0,2,49900,0,0,223200,0,0,0,0
14/03/2024 03:43,0,0,2,50000,0,0,223300,0,0,0,0
14/03/2024 03:44,0,0,2,49900,0,0,223400,0,0,0,0
14/03/2024 03:46,0,0,2,49900,0,0,223300,0,0,0,0
14/03/2024 03:47,0,0,2,49900,0,0,223300,0,0,0,0
14/03/2024 03:49,0,0,2,49900,0,0,223400,0,0,0,0
14/03/2024 03:50,0,0,2,49900,0,0,223400,0,0,0,0
14/03/2024 03:52,0,0,2,49900,0,0,223300,0,0,0,0
14/03/2024 03:53,0,0,2,49900,0,0,223300,0,0,0,0
14/03/2024 03:55,0,0,2,49900,0,0,223300,0,0,0,0
14/03/2024 03:56,0,0,2,49900,0,0,223300,0,0,0,0
14/03/2024 03:58,0,0,2,50000,0,0,223300,0,0,0,0
14/03/2024 03:59,0,0,2,50000,0,0,223400,0,0,0,0
14/03/2024 04:01,0,0,2,50000,0,0,223300,0,0,0,0
14/03/2024 04:02,0,0,2,49900,0,0,223300,0,0,0,0
14/03/2024 04:04,0,0,2,50000,0,0,223300,0,0,0,0
14/03/2024 04:05,0,0,2,50000,0,0,223300,0,0,0,0
14/03/2024 04:07,0,0,2,50000,0,0,223300,0,0,0,0
14/03/2024 04:08,0,0,2,50000,0,0,223400,0,0,0,0
14/03/2024 04:10,0,0,2,50000,0,0,223400,0,0,0,0
14/03/2024 04:11,0,0,2,49900,0,0,223300,0,0,0,0
14/03/2024 04:13,0,0,2,49900,0,0,223300,0,0,0,0
14/03/2024 04:14,0,0,2,49900,0,0,223400,0,0,0,0
14/03/2024 04:16,0,0,2,49900,0,0,223400,0,0,0,0
14/03/2024 04:17,0,0,2,49900,0,0,223300,0,0,0,0
14/03/2024 04:19,0,0,2,49900,0,0,223400,0,0,0,0
14/03/2024 04:20,0,0,2,49900,0,0,223200,0,0,0,0
14/03/2024 04:22,0,0,2,49900,0,0,223300,0,0,0,0
14/03/2024 04:23,0,0,2,49900,0,0,223300,0,0,0,0
14/03/2024 04:25,0,0,2,49900,0,0,223300,0,0,0,0
14/03/2024 04:26,0,0,2,49900,0,0,223400,0,0,0,0
14/03/2024 04:28,0,0,2,49900,0,0,223300,0,0,0,0
14/03/2024 04:29,0,0,2,49900,0,0,223400,0,0,0,0
14/03/2024 04:31,0,0,2,49900,0,0,223300,0,0,0,0
14/03/2024 04:32,0,0,2,50000,0,0,223300,0,0,0,0
14/03/2024 04:34,0,0,2,49900,0,0,223300,0,0,0,0
14/03/2024 04:35,0,0,2,49900,0,0,223300,0,0,0,0
14/03/2024 04:37,0,0,2,49900,0,0,223300,0,0,0,0
14/03/2024 04:38,0,0,2,49900,0,0,223400,0,0,0,0
14/03/2024 04:40,0,0,2,49900,0,0,223300,0,0,0,0
14/03/2024 04:41,0,0,2,49900,0,0,223300,0,0,0,0
14/03/2024 04:43,0,0,2,49900,0,0,223400,0,0,0,0
14/03/2024 04:44,0,0,2,49900,0,0,223300,0,0,0,0
14/03/2024 04:46,0,0,2,49900,0,0,223400,0,0,0,0
14/03/2024 04:47,0,0,2,49900,0,0,223400,0,0,0,0
14/03/2024 04:49,0,0,2,49900,0,0,223400,0,0,0,0
14/03/2024 04:50,0,0,2,49900,0,0,223300,0,0,0,0
14/03/2024 04:52,0,0,2,50000,0,0,223300,0,0,0,0
14/03/2024 04:53,0,0,2,49900,0,0,223300,0,0,0,0
14/03/2024 04:55,0,0,2,49900,0,0,223300,0,0,0,0
14/03/2024 04:56,0,0,2,49900,0,0,223300,0,0,0,0
14/03/2024 04:58,0,0,2,49900,0,0,223300,0,0,0,0
14/03/2024 04:59,0,0,2,49900,0,0,223400,0,0,0,0
14/03/2024 05:01,0,0,2,49900,0,0,223200,0,0,0,0
14/03/2024 05:02,0,0,2,49900,0,0,223300,0,0,0,0
14/03/2024 05:04,0,0,2,49900,0,0,223300,0,0,0,0
14/03/2024 05:05,0,0,2,49900,0,0,223300,0,0,0,0
14/03/2024 05:07,0,0,2,49900,0,0,223300,0,0,0,0
14/03/2024 05:08,0,0,2,49900,0,0,223400,0,0,0,0
14/03/2024 05:10,0,0,2,49900,0,0,223400,0,0,0,0
14/03/2024 05:11,0,0,2,49900,0,0,223300,0,0,0,0
14/03/2024 05:13,0,0,2,49900,0,0,223300,0,0,0,0
14/03/2024 05:14,0,0,2,49900,0,0,223300,0,0,0,0
14/03/2024 05:16,0,0,2,49900,0,0,223400,0,0,0,0
14/03/2024 05:17,0,0,2,49900,0,0,223400,0,0,0,0
14/03/2024 05:19,0,0,2,49900,0,0,223300,0,0,0,0
14/03/2024 05:20,0,0,2,49900,0,0,223400,0,0,0,0
14/03/2024 05:22,0,0,2,50000,0,0,223300,0,0,0,0
14/03/2024 05:23,0,0,2,49900,0,0,223300,0,0,0,0
14/03/2024 05:25,0,0,2,49900,0,0,223300,0,0,0,0
14/03/2024 05:26,0,0,2,49900,0,0,223400,0,0,0,0
14/03/2024 05:28,0,0,2,49900,0,0,223400,0,0,0,0
14/03/2024 05:29,0,0,2,49900,0,0,223400,0,0,0,0
14/03/2024 05:31,0,0,2,49900,0,0,223300,0,0,0,0
14/03/2024 05:32,0,0,2,49900,0,0,223300,0,0,0,0
14/03/2024 05:34,0,0,2,49900,0,0,223300,0,0,0,0
14/03/2024 05:35,0,0,2,50000,0,0,223400,0,0,0,0
14/03/2024 05:37,0,0,2,50000,0,0,223300,0,0,0,0
14/03/2024 05:38,0,0,2,49900,0,0,223400,0,0,0,0
14/03/2024 05:40,0,0,2,49900,0,0,223300,0,0,0,0
14/03/2024 05:41,0,0,2,49900,0,0,223300,0,0,0,0
14/03/2024 05:43,0,0,2,49900,0,0,223300,0,0,0,0
14/03/2024 05:44,0,0,2,49900,0,0,223300,0,0,0,0
14/03/2024 05:46,0,0,2,49900,0,0,223400,0,0,0,0
14/03/2024 05:47,0,0,2,49900,0,0,223400,0,0,0,0
14/03/2024 05:49,0,0,2,49900,0,0,223400,0,0,0,0
14/03/2024 05:50,0,0,2,49900,0,0,223300,0,0,0,0
14/03/2024 05:52,0,0,2,49900,0,0,223300,0,0,0,0
14/03/2024 05:53,0,0,2,49900,0,0,223400,0,0,0,0
14/03/2024 05:55,0,0,2,49900,0,0,223400,0,0,0,0
14/03/2024 05:56,0,0,2,49900,0,0,223400,0,0,0,0
14/03/2024 05:58,0,0,2,49900,0,0,223400,0,0,0,0
14/03/2024 05:59,0,0,2,49900,0,0,223300,0,0,0,0
14/03/2024 06:01,0,0,2,49900,0,0,223300,0,0,0,0
14/03/2024 06:02,0,0,2,50000,0,0,223400,0,0,0,0
14/03/2024 06:04,0,0,2,49900,0,0,223400,0,0,0,0
14/03/2024 06:05,0,0,2,50000,0,0,223400,0,0,0,0
14/03/2024 06:07,0,0,2,49900,0,0,223400,0,0,0,0
14/03/2024 06:08,0,0,2,49900,0,0,223300,0,0,0,0
14/03/2024 06:10,0,0,2,49900,0,0,223300,0,0,0,0
14/03/2024 06:11,0,0,2,50000,0,0,223300,0,0,0,0
14/03/2024 06:13,0,0,2,50000,0,0,223300,0,0,0,0
14/03/2024 06:14,0,0,2,49900,0,0,223300,0,0,0,0
14/03/2024 06:16,0,0,2,49900,0,0,223400,0,0,0,0
14/03/2024 06:17,0,0,2,50000,0,0,223300,0,0,0,0
14/03/2024 06:19,0,0,2,49900,0,0,223300,0,0,0,0
14/03/2024 06:20,0,0,2,50000,0,0,223300,0,0,0,0
14/03/2024 06:22,0,0,2,49900,0,0,223300,0,0,0,0
14/03/2024 06:23,0,0,2,49900,0,0,223300,0,0,0,0
14/03/2024 06:25,0,0,2,49900,0,0,223400,0,0,0,0
14/03/2024 06:26,0,0,2,49900,0,0,223400,0,0,0,0
14/03/2024 06:28,0,0,2,49900,0,0,223300,0,0,0,0
14/03/2024 06:29,0,0,2,49900,0,0,223300,0,0,0,0
14/03/2024 06:31,0,0,2,49900,0,0,223400,0,0,0,0
14/03/2024 06:32,0,0,2,49900,0,0,223400,0,0,0,0
14/03/2024 06:34,0,0,2,49900,0,0,223400,0,0,0,0
14/03/2024 06:35,0,0,2,49900,0,0,223400,0,0,0,0
14/03/2024 06:37,0,0,2,49900,0,0,223300,0,0,0,0
14/03/2024 06:38,0,0,2,50000,0,0,223300,0,0,0,0
14/03/2024 06:40,0,0,2,49900,0,0,223300,0,0,0,0
14/03/2024 06:41,0,0,2,49900,0,0,223300,0,0,0,0
14/03/2024 06:43,0,0,2,49900,0,0,223400,0,0,0,0
14/03/2024 06:44,0,0,2,49900,0,0,223400,0,0,0,0
14/03/2024 06:46,0,0,2,49900,0,0,223300,0,0,0,0
14/03/2024 06:47,0,0,2,50000,0,0,223300,0,0,0,0
14/03/2024 06:49,0,0,2,49900,0,0,223300,0,0,0,0
14/03/2024 06:50,0,0,2,49900,0,0,223300,0,0,0,0
14/03/2024 06:52,0,0,2,50000,0,0,223400,0,0,0,0
14/03/2024 06:53,0,0,2,49900,0,0,223400,0,0,0,0
14/03/2024 06:55,0,0,2,49900,0,0,223300,0,0,0,0
14/03/2024 06:56,0,0,2,49900,0,0,223300,0,0,0,0
14/03/2024 06:58,0,0,2,49900,0,0,223300,0,0,0,0
14/03/2024 06:59,0,0,2,49900,0,0,223300,0,0,0,0
14/03/2024 07:01,0,0,2,49900,0,0,223400,0,0,0,0
14/03/2024 07:02,0,0,2,49900,0,0,223400,0,0,0,0
14/03/2024 07:04,0,0,2,49900,0,0,223300,0,0,0,0
14/03/2024 07:05,0,0,2,49900,0,0,223300,0,0,0,0
14/03/2024 07:07,0,0,2,49900,0,0,223300,0,0,0,0
14/03/2024 07:08,0,0,2,50000,0,0,223400,0,0,0,0
14/03/2024 07:10,0,0,2,49900,0,0,223400,0,0,0,0
14/03/2024 07:11,0,0,2,49900,0,0,223300,0,0,0,0
14/03/2024 07:13,0,0,2,50000,0,0,223300,0,0,0,0
14/03/2024 07:14,0,0,2,49900,0,0,223400,0,0,0,0
14/03/2024 07:16,0,0,2,49900,0,0,223400,0,0,0,0
14/03/2024 07:17,0,0,2,49900,0,0,223400,0,0,0,0
14/03/2024 07:19,0,0,2,50000,0,0,223400,0,0,0,0
14/03/2024 07:20,0,0,2,49900,0,0,223300,0,0,0,0
14/03/2024 07:22,0,0,2,49900,0,0,223300,0,0,0,0
14/03/2024 07:23,0,0,2,49900,0,0,223400,0,0,0,0
14/03/2024 07:25,0,0,2,50000,0,0,223400,0,0,0,0
14/03/2024 07:26,0,0,2,50000,0,0,223400,0,0,0,0
14/03/2024 07:28,0,0,2,49900,0,0,223300,0,0,0,0
14/03/2024 07:29,0,0,2,50000,0,0,223300,0,0,0,0
14/03/2024 07:31,0,0,2,49900,0,0,223400,0,0,0,0
14/03/2024 07:32,0,0,2,49900,0,0,223400,0,0,0,0
14/03/2024 07:34,0,0,2,49900,0,0,223400,0,0,0,0
14/03/2024 07:35,0,0,2,49900,0,0,223300,0,0,0,0
14/03/2024 07:37,0,0,2,50000,0,0,223300,0,0,0,0
14/03/2024 07:38,0,0,2,49900,0,0,223400,0,0,0,0
14/03/2024 07:40,0,0,2,49900,0,0,223400,0,0,0,0
14/03/2024 07:41,0,0,2,50000,0,0,223400,0,0,0,0
14/03/2024 07:43,0,0,2,49900,0,0,223300,0,0,0,0
14/03/2024 07:44,0,0,2,49900,0,0,223300,0,0,0,0
14/03/2024 07:46,0,0,2,49900,0,0,223400,0,0,0,0
14/03/2024 07:47,0,0,2,49900,0,0,223400,0,0,0,0
14/03/2024 07:49,0,0,2,49900,0,0,223400,0,0,0,0
14/03/2024 07:50,0,0,2,50000,0,0,223300,0,0,0,0
14/03/2024 07:52,0,0,2,49900,0,0,223300,0,0,0,0
14/03/2024 07:53,0,0,2,49900,0,0,223400,0,0,0,0
14/03/2024 07:55,0,0,2,49900,0,0,223400,0,0,0,0
14/03/2024 07:56,0,0,2,50000,0,0,223400,0,0,0,0
14/03/2024 07:58,0,0,2,49900,0,0,223300,0,0,0,0
14/03/2024 07:59,0,0,2,49900,0,0,223300,0,0,0,0
14/03/2024 08:01,0,0,2,49900,0,0,223400,0,0,0,0
14/03/2024 08:02,0,0,2,49900,0,0,223300,0,0,0,0
14/03/2024 08:04,0,0,2,49900,0,0,223400,0,0,0,0
14/03/2024 08:05,0,0,2,49900,0,0,223300,0,0,0,0
14/03/2024 08:07,0,0,2,49900,0,0,223300,0,0,0,0
14/03/2024 08:08,0,0,2,49900,0,0,223400,0,0,0,0
14/03/2024 08:10,0,0,2,50000,0,0,223400,0,0,0,0
14/03/2024 08:11,0,0,2,49900,0,0,223400,0,0,0,0
14/03/2024 08:13,0,0,2,49900,0,0,223300,0,0,0,0
14/03/2024 08:14,0,0,2,49900,0,0,223300,0,0,0,0
14/03/2024 08:16,0,0,2,49900,0,0,223300,0,0,0,0
14/03/2024 08:17,0,0,2,49900,0,0,223400,0,0,0,0
14/03/2024 08:19,0,0,2,50000,0,0,223300,0,0,0,0
14/03/2024 08:20,0,0,2,49900,0,0,223300,0,0,0,0
14/03/2024 08:22,0,0,2,49900,0,0,223300,0,0,0,0
14/03/2024 08:23,0,0,2,50000,0,0,223400,0,0,0,0
14/03/2024 08:25,0,0,2,49900,0,0,223400,0,0,0,0
14/03/2024 08:26,0,0,2,49900,0,0,223300,0,0,0,0
14/03/2024 08:28,0,0,2,49900,0,0,223300,0,0,0,0
14/03/2024 08:29,0,0,2,49900,0,0,223400,0,0,0,0
14/03/2024 08:31,0,0,2,49900,0,0,223400,0,0,0,0
14/03/2024 08:32,0,0,2,50000,0,0,223400,0,0,0,0
14/03/2024 08:34,0,0,2,49900,0,0,223300,0,0,0,0
14/03/2024 08:35,0,0,2,49900,0,0,223300,0,0,0,0
14/03/2024 08:37,0,0,2,49900,0,0,223400,0,0,0,0
14/03/2024 08:38,0,0,2,49900,0,0,223400,0,0,0,0
14/03/2024 08:40,0,0,2,50000,0,0,223300,0,0,0,0
14/03/2024 08:41,0,0,2,49900,0,0,223300,0,0,0,0
14/03/2024 08:43,0,0,2,49900,0,0,223400,0,0,0,0
14/03/2024 08:44,0,0,2,49900,0,0,223400,0,0,0,0
14/03/2024 08:46,0,0,2,49900,0,0,223400,0,0,0,0
14/03/2024 08:47,0,0,2,49900,0,0,223300,0,0,0,0
14/03/2024 08:49,0,0,2,49900,0,0,223300,0,0,0,0
14/03/2024 08:50,0,0,2,50000,0,0,223400,0,0,0,0
14/03/2024 08:52,0,0,2,49900,0,0,223400,0,0,0,0
14/03/2024 08:53,0,0,2,49900,0,0,223400,0,0,0,0
14/03/2024 08:55,0,0,2,49900,0,0,223300,0,0,0,0
14/03/2024 08:56,0,0,2,49900,0,0,223400,0,0,0,0
14/03/2024 08:58,0,0,2,49900,0,0,223400,0,0,0,0
14/03/2024 08:59,0,0,2,49900,0,0,223400,0,0,0,0
14/03/2024 09:01,0,0,2,50000,0,0,223300,0,0,0,0
14/03/2024 09:02,0,0,2,49900,0,0,223400,0,0,0,0
14/03/2024 09:04,0,0,2,49900,0,0,223400,0,0,0,0
14/03/2024 09:05,0,0,2,49900,0,0,223400,0,0,0,0
14/03/2024 09:07,0,0,2,49900,0,0,223400,0,0,0,0
14/03/2024 09:08,0,0,2,49900,0,0,223300,0,0,0,0
14/03/2024 09:10,0,0,2,49900,0,0,223400,0,0,0,0
14/03/2024 09:11,0,0,2,49900,0,0,223400,0,0,0,0
14/03/2024 09:13,0,0,2,49900,0,0,223400,0,0,0,0
14/03/2024 09:14,0,0,2,50000,0,0,223300,0,0,0,0
14/03/2024 09:16,0,0,2,50000,0,0,223400,0,0,0,0
14/03/2024 09:17,0,0,2,49900,0,0,223400,0,0,0,0
14/03/2024 09:19,0,0,2,49900,0,0,223400,0,0,0,0
14/03/2024 09:20,0,0,2,50000,0,0,223400,0,0,0,0
14/03/2024 09:22,0,0,2,49900,0,0,223500,0,0,0,0
14/03/2024 09:23,0,0,2,49900,0,0,223400,0,0,0,0
14/03/2024 09:25,0,0,2,49900,0,0,223400,0,0,0,0
14/03/2024 09:26,0,0,2,49900,0,0,223400,0,0,0,0
14/03/2024 09:28,0,0,2,49900,0,0,223400,0,0,0,0
14/03/2024 09:29,0,0,2,49900,0,0,223400,0,0,0,0
14/03/2024 09:31,0,0,2,50000,0,0,223500,0,0,0,0
14/03/2024 09:32,0,0,2,49900,0,0,223400,0,0,0,0
14/03/2024 09:34,0,0,2,49900,0,0,223400,0,0,0,0
14/03/2024 09:35,0,0,2,49900,0,0,223400,0,0,0,0
14/03/2024 09:37,0,0,2,49900,0,0,223400,0,0,0,0
14/03/2024 09:38,0,0,2,49900,0,0,223400,0,0,0,0
14/03/2024 09:40,0,0,2,49900,0,0,223300,0,0,0,0
14/03/2024 09:41,0,0,2,50000,0,0,223400,0,0,0,0
14/03/2024 09:43,0,0,2,49900,0,0,223400,0,0,0,0
14/03/2024 09:44,0,0,2,49900,0,0,223400,0,0,0,0
14/03/2024 09:46,0,0,2,49900,0,0,223500,0,0,0,0
14/03/2024 09:47,0,0,2,49900,0,0,223400,0,0,0,0
14/03/2024 09:49,0,0,2,49900,0,0,223400,0,0,0,0
14/03/2024 09:50,0,0,2,49900,0,0,223400,0,0,0,0
14/03/2024 09:52,0,0,2,49900,0,0,223400,0,0,0,0
14/03/2024 09:53,0,0,2,49900,0,0,223300,0,0,0,0
14/03/2024 09:55,0,0,2,49900,0,0,223400,0,0,0,0
14/03/2024 09:56,0,0,2,49900,0,0,223400,0,0,0,0
14/03/2024 09:58,0,0,2,49900,0,0,223400,0,0,0,0
14/03/2024 09:59,0,0,2,49900,0,0,223400,0,0,0,0
14/03/2024 10:01,0,0,2,49900,0,0,223400,0,0,0,0
14/03/2024 10:02,0,0,2,49900,0,0,223400,0,0,0,0
14/03/2024 10:04,0,0,2,49900,0,0,223400,0,0,0,0
14/03/2024 10:05,0,0,2,49900,0,0,223400,0,0,0,0
14/03/2024 10:07,0,0,2,49900,0,0,223400,0,0,0,0
14/03/2024 10:08,0,0,2,50000,0,0,223400,0,0,0,0
14/03/2024 10:10,0,0,2,49900,0,0,223400,0,0,0,0
14/03/2024 10:11,0,0,2,49900,0,0,223500,0,0,0,0
14/03/2024 10:13,0,0,2,49900,0,0,223500,0,0,0,0
14/03/2024 10:14,0,0,2,49900,0,0,223400,0,0,0,0
14/03/2024 10:16,0,0,2,49900,0,0,223400,0,0,0,0
14/03/2024 10:17,0,0,2,49900,0,0,223500,0,0,0,0
14/03/2024 10:19,0,0,2,49900,0,0,223500,0,0,0,0
14/03/2024 10:20,0,0,2,49900,0,0,223300,0,0,0,0
14/03/2024 10:22,0,0,2,49900,0,0,223400,0,0,0,0
14/03/2024 10:23,0,0,2,49900,0,0,223400,0,0,0,0
14/03/2024 10:25,0,0,2,49900,0,0,223400,0,0,0,0
14/03/2024 10:26,0,0,2,49900,0,0,223400,0,0,0,0
14/03/2024 10:28,0,0,2,49900,0,0,223400,0,0,0,0
14/03/2024 10:29,0,0,2,49900,0,0,223400,0,0,0,0
14/03/2024 10:31,0,0,2,49900,0,0,223400,0,0,0,0
14/03/2024 10:32,0,0,2,49900,0,0,223500,0,0,0,0
14/03/2024 10:34,0,0,2,50000,0,0,223400,0,0,0,0
14/03/2024 10:35,0,0,2,49900,0,0,223400,0,0,0,0
14/03/2024 10:37,0,0,2,50000,0,0,223400,0,0,0,0
14/03/2024 10:38,0,0,2,50000,0,0,223400,0,0,0,0
14/03/2024 10:40,0,0,2,49900,0,0,223400,0,0,0,0
14/03/2024 10:41,0,0,2,49900,0,0,223400,0,0,0,0
14/03/2024 10:43,0,0,2,49900,0,0,223400,0,0,0,0
14/03/2024 10:44,0,0,2,50000,0,0,223400,0,0,0,0
14/03/2024 10:46,0,0,2,49900,0,0,223400,0,0,0,0
14/03/2024 10:47,0,0,2,49900,0,0,223400,0,0,0,0
14/03/2024 10:49,0,0,2,49900,0,0,223400,0,0,0,0
14/03/2024 10:50,0,0,2,49900,0,0,223400,0,0,0,0
14/03/2024 10:52,0,0,2,49900,0,0,223400,0,0,0,0
14/03/2024 10:53,0,0,2,50000,0,0,223300,0,0,0,0
14/03/2024 10:55,0,0,2,49900,0,0,223400,0,0,0,0
14/03/2024 10:56,0,0,2,49900,0,0,223400,0,0,0,0
14/03/2024 10:58,0,0,2,49900,0,0,223400,0,0,0,0
14/03/2024 10:59,0,0,2,50000,0,0,223400,0,0,0,0
14/03/2024 11:01,0,0,2,49900,0,0,223300,0,0,0,0
14/03/2024 11:02,0,0,2,49900,0,0,223400,0,0,0,0
14/03/2024 11:04,0,0,2,49900,0,0,223400,0,0,0,0
14/03/2024 11:05,0,0,2,49900,0,0,223400,0,0,0,0
14/03/2024 11:07,0,0,2,50000,0,0,223400,0,0,0,0
14/03/2024 11:08,0,0,2,49900,0,0,223300,0,0,0,0
14/03/2024 11:10,0,0,2,49900,0,0,223400,0,0,0,0
14/03/2024 11:11,0,0,2,49900,0,0,223400,0,0,0,0
14/03/2024 11:13,0,0,2,49900,0,0,223400,0,0,0,0
14/03/2024 11:14,0,0,2,49900,0,0,223400,0,0,0,0
14/03/2024 11:16,0,0,2,49900,0,0,223500,0,0,0,0
14/03/2024 11:17,0,0,2,49900,0,0,223400,0,0,0,0
14/03/2024 11:19,0,0,2,50000,0,0,223400,0,0,0,0
14/03/2024 11:20,0,0,2,50000,0,0,223400,0,0,0,0
14/03/2024 11:22,0,0,2,49900,0,0,223400,0,0,0,0
14/03/2024 11:23,0,0,2,49900,0,0,223500,0,0,0,0
14/03/2024 11:25,0,0,2,49900,0,0,223400,0,0,0,0
14/03/2024 11:26,0,0,2,49900,0,0,223400,0,0,0,0
14/03/2024 11:28,0,0,2,49900,0,0,223400,0,0,0,0
14/03/2024 11:29,0,0,2,49900,0,0,223400,0,0,0,0
14/03/2024 11:31,0,0,2,49900,0,0,223500,0,0,0,0
14/03/2024 11:32,0,0,2,50000,0,0,223400,0,0,0,0
14/03/2024 11:34,0,0,2,49900,0,0,223400,0,0,0,0
14/03/2024 11:35,0,0,2,49900,0,0,223400,0,0,0,0
14/03/2024 11:37,0,0,2,49900,0,0,223500,0,0,0,0
14/03/2024 11:38,0,0,2,49900,0,0,223400,0,0,0,0
14/03/2024 11:40,0,0,2,49900,0,0,223400,0,0,0,0
14/03/2024 11:41,0,0,2,49900,0,0,223400,0,0,0,0
14/03/2024 11:43,0,0,2,49900,0,0,223400,0,0,0,0
14/03/2024 11:44,0,0,2,49900,0,0,223500,0,0,0,0
14/03/2024 11:46,0,0,2,49900,0,0,223400,0,0,0,0
14/03/2024 11:47,0,0,2,49900,0,0,223400,0,0,0,0
14/03/2024 11:49,0,0,2,49900,0,0,223400,0,0,0,0
14/03/2024 11:50,0,0,2,49900,0,0,223400,0,0,0,0
14/03/2024 11:52,0,0,2,49900,0,0,223400,0,0,0,0
14/03/2024 11:53,0,0,2,49900,0,0,223300,0,0,0,0
14/03/2024 11:55,0,0,2,50000,0,0,223400,0,0,0,0
14/03/2024 11:56,0,0,2,49900,0,0,223400,0,0,0,0
14/03/2024 11:58,0,0,2,49900,0,0,223400,0,0,0,0
14/03/2024 11:59,0,0,2,50000,0,0,223400,0,0,0,0
14/03/2024 12:01,0,0,2,49900,0,0,223400,0,0,0,0
14/03/2024 12:02,0,0,2,49900,0,0,223400,0,0,0,0
14/03/2024 12:04,0,0,2,49900,0,0,223400,0,0,0,0
14/03/2024 12:05,0,0,2,49900,0,0,223400,0,0,0,0
14/03/2024 12:07,0,0,2,49900,0,0,223400,0,0,0,0
14/03/2024 12:08,0,0,2,49900,0,0,223400,0,0,0,0
14/03/2024 12:10,0,0,2,49900,0,0,223400,0,0,0,0
14/03/2024 12:11,0,0,2,49900,0,0,223400,0,0,0,0
14/03/2024 12:13,0,0,2,49900,0,0,223400,0,0,0,0
14/03/2024 12:14,0,0,2,49900,0,0,223400,0,0,0,0
14/03/2024 12:16,0,0,2,49900,0,0,223400,0,0,0,0
14/03/2024 12:17,0,0,2,49900,0,0,223400,0,0,0,0
14/03/2024 12:19,0,0,2,49900,0,0,223400,0,0,0,0
14/03/2024 12:20,0,0,2,49900,0,0,223400,0,0,0,0
14/03/2024 12:22,0,0,2,50000,0,0,223400,0,0,0,0
14/03/2024 12:23,0,0,2,49900,0,0,223500,0,0,0,0
14/03/2024 12:25,0,0,2,50000,0,0,223500,0,0,0,0
14/03/2024 12:26,0,0,2,49900,0,0,223600,0,0,0,0
14/03/2024 12:28,0,0,2,49900,0,0,223500,0,0,0,0
14/03/2024 12:29,0,0,2,49900,0,0,223600,0,0,0,0
14/03/2024 12:31,0,0,2,49900,0,0,223600,0,0,0,0
14/03/2024 12:32,0,0,2,49900,0,0,223600,0,0,0,0
14/03/2024 12:34,0,0,2,50000,0,0,223600,0,0,0,0
14/03/2024 12:35,0,0,2,49900,0,0,223500,0,0,0,0
14/03/2024 12:37,0,0,2,49900,0,0,223600,0,0,0,0
14/03/2024 12:38,0,0,2,49900,0,0,223600,0,0,0,0
14/03/2024 12:40,0,0,2,49900,0,0,223600,0,0,0,0
14/03/2024 12:41,0,0,2,49900,0,0,223500,0,0,0,0
14/03/2024 12:43,0,0,2,49900,0,0,223600,0,0,0,0
14/03/2024 12:44,0,0,2,49900,0,0,223600,0,0,0,0
14/03/2024 12:46,0,0,2,49900,0,0,223600,0,0,0,0
14/03/2024 12:47,0,0,2,49900,0,0,223600,0,0,0,0
14/03/2024 12:49,0,0,2,49900,0,0,223500,0,0,0,0
14/03/2024 12:50,0,0,2,49900,0,0,223600,0,0,0,0
14/03/2024 12:52,0,0,2,49900,0,0,223600,0,0,0,0
14/03/2024 12:53,0,0,2,49900,0,0,223600,0,0,0,0
14/03/2024 12:55,0,0,2,49900,0,0,223500,0,0,0,0
14/03/2024 12:56,0,0,2,50000,0,0,223600,0,0,0,0
14/03/2024 12:58,0,0,2,49900,0,0,223600,0,0,0,0
14/03/2024 12:59,0,0,2,49900,0,0,223600,0,0,0,0
14/03/2024 13:01,0,0,2,49900,0,0,223600,0,0,0,0
14/03/2024 13:02,0,0,2,49900,0,0,223500,0,0,0,0
14/03/2024 13:04,0,0,2,50000,0,0,223600,0,0,0,0
14/03/2024 13:05,0,0,2,49900,0,0,223600,0,0,0,0
14/03/2024 13:07,0,0,2,49900,0,0,223600,0,0,0,0
14/03/2024 13:08,0,0,2,49900,0,0,223500,0,0,0,0
14/03/2024 13:10,0,0,2,49900,0,0,223600,0,0,0,0
14/03/2024 13:11,0,0,2,49900,0,0,223600,0,0,0,0
14/03/2024 13:13,0,0,2,49900,0,0,223600,0,0,0,0
14/03/2024 13:14,0,0,2,49900,0,0,223600,0,0,0,0
14/03/2024 13:16,0,0,2,50000,0,0,223500,0,0,0,0
14/03/2024 13:17,0,0,2,49900,0,0,223600,0,0,0,0
14/03/2024 13:19,0,0,2,49900,0,0,223600,0,0,0,0
14/03/2024 13:20,0,0,2,49900,0,0,223600,0,0,0,0
14/03/2024 13:22,0,0,2,49900,0,0,223500,0,0,0,0
14/03/2024 13:23,0,0,2,49900,0,0,223600,0,0,0,0
14/03/2024 13:25,0,0,2,49900,0,0,223600,0,0,0,0
14/03/2024 13:26,0,0,2,49900,0,0,223600,0,0,0,0
14/03/2024 13:28,0,0,2,49900,0,0,223600,0,0,0,0
14/03/2024 13:29,0,0,2,49900,0,0,223600,0,0,0,0
14/03/2024 13:31,0,0,2,49900,0,0,223600,0,0,0,0
14/03/2024 13:32,0,0,2,49900,0,0,223600,0,0,0,0
14/03/2024 13:34,0,0,2,49900,0,0,223600,0,0,0,0
14/03/2024 13:35,0,0,2,50000,0,0,223500,0,0,0,0
14/03/2024 13:37,0,0,2,49900,0,0,223600,0,0,0,0
14/03/2024 13:38,0,0,2,49900,0,0,223600,0,0,0,0
14/03/2024 13:40,0,0,2,49900,0,0,223600,0,0,0,0
14/03/2024 13:41,0,0,2,50000,0,0,223500,0,0,0,0
14/03/2024 13:43,0,0,2,49900,0,0,223600,0,0,0,0
14/03/2024 13:44,0,0,2,49900,0,0,223600,0,0,0,0
14/03/2024 13:46,0,0,2,50000,0,0,223600,0,0,0,0
14/03/2024 13:47,0,0,2,49900,0,0,223600,0,0,0,0
14/03/2024 13:49,0,0,2,49900,0,0,223500,0,0,0,0
14/03/2024 13:50,0,0,2,49900,0,0,223600,0,0,0,0
14/03/2024 13:52,0,0,2,50000,0,0,223600,0,0,0,0
14/03/2024 13:53,0,0,2,50000,0,0,223600,0,0,0,0
14/03/2024 13:55,0,0,2,50000,0,0,223500,0,0,0,0
14/03/2024 13:56,0,0,2,49900,0,0,223600,0,0,0,0
14/03/2024 13:58,0,0,2,50000,0,0,223600,0,0,0,0
14/03/2024 13:59,0,0,2,50000,0,0,223600,0,0,0,0
14/03/2024 14:01,0,0,2,49900,0,0,223600,0,0,0,0
14/03/2024 14:02,0,0,2,50000,0,0,223500,0,0,0,0
14/03/2024 14:04,0,0,2,49900,0,0,223600,0,0,0,0
14/03/2024 14:05,0,0,2,49900,0,0,223600,0,0,0,0
14/03/2024 14:07,0,0,2,49900,0,0,223600,0,0,0,0
14/03/2024 14:08,0,0,2,49900,0,0,223500,0,0,0,0
14/03/2024 14:10,0,0,2,50000,0,0,223500,0,0,0,0
14/03/2024 14:11,0,0,2,49900,0,0,223600,0,0,0,0
14/03/2024 14:13,0,0,2,49900,0,0,223600,0,0,0,0
14/03/2024 14:14,0,0,2,49900,0,0,223600,0,0,0,0
14/03/2024 14:16,0,0,2,49900,0,0,223500,0,0,0,0
14/03/2024 14:17,0,0,2,50000,0,0,223600,0,0,0,0
14/03/2024 14:19,0,0,2,49900,0,0,223600,0,0,0,0
14/03/2024 14:20,0,0,2,50000,0,0,223600,0,0,0,0
14/03/2024 14:22,0,0,2,50000,0,0,223600,0,0,0,0
14/03/2024 14:23,0,0,2,49900,0,0,223500,0,0,0,0
14/03/2024 14:25,0,0,2,49900,0,0,223600,0,0,0,0
14/03/2024 14:26,0,0,2,49900,0,0,223600,0,0,0,0
14/03/2024 14:28,0,0,2,49900,0,0,223600,0,0,0,0
14/03/2024 14:29,0,0,2,49900,0,0,223500,0,0,0,0
14/03/2024 14:31,0,0,2,49900,0,0,223500,0,0,0,0
14/03/2024 14:32,0,0,2,50000,0,0,223600,0,0,0,0
14/03/2024 14:34,0,0,2,49900,0,0,223600,0,0,0,0
14/03/2024 14:35,0,0,2,49900,0,0,223600,0,0,0,0
14/03/2024 14:37,0,0,2,50000,0,0,223500,0,0,0,0
14/03/2024 14:38,0,0,2,49900,0,0,223600,0,0,0,0
14/03/2024 14:40,0,0,2,49900,0,0,223600,0,0,0,0
14/03/2024 14:41,0,0,2,49900,0,0,223600,0,0,0,0
14/03/2024 14:43,0,0,2,50000,0,0,223500,0,0,0,0
14/03/2024 14:44,0,0,2,49900,0,0,223600,0,0,0,0
14/03/2024 14:46,0,0,2,49900,0,0,223600,0,0,0,0
14/03/2024 14:47,0,0,2,49900,0,0,223600,0,0,0,0
14/03/2024 14:49,0,0,2,49900,0,0,223600,0,0,0,0
14/03/2024 14:50,0,0,2,49900,0,0,223500,0,0,0,0
14/03/2024 14:52,0,0,2,49900,0,0,223500,0,0,0,0
14/03/2024 14:53,0,0,2,49900,0,0,223600,0,0,0,0
14/03/2024 14:55,0,0,2,49900,0,0,223600,0,0,0,0
14/03/2024 14:56,0,0,2,49900,0,0,223600,0,0,0,0
14/03/2024 14:58,0,0,2,49900,0,0,223500,0,0,0,0
14/03/2024 14:59,0,0,2,50000,0,0,223600,0,0,0,0
14/03/2024 15:01,0,0,2,50000,0,0,223600,0,0,0,0
14/03/2024 15:02,0,0,2,49900,0,0,223600,0,0,0,0
14/03/2024 15:04,0,0,2,49900,0,0,223500,0,0,0,0
14/03/2024 15:05,0,0,2,50000,0,0,223500,0,0,0,0
14/03/2024 15:07,0,0,2,49900,0,0,223600,0,0,0,0
14/03/2024 15:08,0,0,2,50000,0,0,223600,0,0,0,0
14/03/2024 15:10,0,0,2,49900,0,0,223600,0,0,0,0
14/03/2024 15:11,0,0,2,49900,0,0,223500,0,0,0,0
14/03/2024 15:13,0,0,2,50000,0,0,223600,0,0,0,0
14/03/2024 15:14,0,0,2,49900,0,0,223600,0,0,0,0
14/03/2024 15:16,0,0,2,49900,0,0,223600,0,0,0,0
14/03/2024 15:17,0,0,2,49900,0,0,223600,0,0,0,0
14/03/2024 15:19,0,0,2,49900,0,0,223500,0,0,0,0
14/03/2024 15:20,0,0,2,50000,0,0,223600,0,0,0,0
14/03/2024 15:22,0,0,2,49900,0,0,223600,0,0,0,0
14/03/2024 15:23,0,0,2,50000,0,0,223600,0,0,0,0
14/03/2024 15:25,0,0,2,49900,0,0,223600,0,0,0,0
14/03/2024 15:26,0,0,2,50000,0,0,223600,0,0,0,0
14/03/2024 15:28,0,0,2,49900,0,0,223600,0,0,0,0
14/03/2024 15:29,0,0,2,49900,0,0,223600,0,0,0,0
14/03/2024 15:31,0,0,2,49900,0,0,223600,0,0,0,0
14/03/2024 15:32,0,0,2,49900,0,0,223500,0,0,0,0
14/03/2024 15:34,0,0,2,50000,0,0,223600,0,0,0,0
14/03/2024 15:35,0,0,2,49900,0,0,223600,0,0,0,0
14/03/2024 15:37,0,0,2,50000,0,0,223600,0,0,0,0
14/03/2024 15:38,0,0,2,49900,0,0,223600,0,0,0,0
14/03/2024 15:40,0,0,2,49900,0,0,223500,0,0,0,0
14/03/2024 15:41,0,0,2,50000,0,0,223600,0,0,0,0
14/03/2024 15:43,0,0,2,50000,0,0,223600,0,0,0,0
14/03/2024 15:44,0,0,2,49900,0,0,223600,0,0,0,0
14/03/2024 15:46,0,0,2,49900,0,0,223600,0,0,0,0
03/09/2024 08:17,0,0,87549,49900,0,0,223600,0,0,0,0
03/09/2024 08:18,0,0,87549,49900,0,0,222900,0,0,0,0
03/09/2024 08:20,0,0,87549,49900,0,0,222900,0,0,0,0
03/09/2024 08:21,0,0,87549,49900,0,0,222900,0,0,0,0
03/09/2024 08:23,0,0,87549,49900,0,0,222900,0,0,0,0
03/09/2024 08:24,0,0,87549,49900,0,0,222900,0,0,0,0
03/09/2024 08:26,0,0,87549,49900,0,0,222900,0,0,0,0
03/09/2024 08:27,0,0,87549,49900,0,0,222900,0,0,0,0
03/09/2024 08:29,0,0,87549,49900,0,0,222900,0,0,0,0
03/09/2024 08:30,0,0,87549,49900,0,0,222900,0,0,0,0
03/09/2024 08:32,0,0,87549,49900,0,0,222900,0,0,0,0
03/09/2024 08:33,0,0,87549,49900,0,0,222900,0,0,0,0
03/09/2024 08:35,0,0,87549,49900,0,0,222900,0,0,0,0
03/09/2024 08:36,0,0,87549,49900,0,0,222900,0,0,0,0
03/09/2024 08:38,0,0,87549,50000,0,0,222900,0,0,0,0
